{"skeleton":{"hash":"m8dXm0v0HBc","spine":"4.2.43","x":-544.83,"y":-333.8,"width":1060.83,"height":839.04,"images":"./1/","audio":"./audio"},"bones":[{"name":"root"},{"name":"bone4","parent":"root","x":-379.33,"y":127.72,"color":"4fff2bff"},{"name":"bone","parent":"bone4","length":97.7,"rotation":88.06,"x":3.31,"y":24,"color":"4fff2bff"},{"name":"bone5","parent":"root","x":1.33,"y":126.07,"color":"4fff2bff"},{"name":"bone2","parent":"bone5","length":69.52,"rotation":89.32,"x":1.66,"y":23.17,"color":"4fff2bff"},{"name":"bone6","parent":"root","x":353.85,"y":121.1,"color":"4fff2bff"},{"name":"bone3","parent":"bone6","length":61.26,"rotation":88.45,"x":2.48,"y":26.48,"color":"4fff2bff"},{"name":"bone7","parent":"root","length":110.27,"rotation":88.87,"x":1.07,"y":-99.58,"color":"00ff9cff"},{"name":"bone8","parent":"bone7","length":129.11,"rotation":0.81,"x":123.34,"y":-0.47,"color":"00ff9cff"},{"name":"bone9","parent":"root","length":276.31,"rotation":89.75,"x":0.86,"y":-258.97,"color":"ff1a1aff"},{"name":"bone10","parent":"bone9","length":312.25,"rotation":-0.85,"x":333.73,"y":-2.14,"color":"ff1a1aff"},{"name":"bone11","parent":"root","length":113.18,"rotation":87.51,"x":0.15,"y":4.02,"color":"fff200ff"},{"name":"bone12","parent":"bone11","x":163.77,"y":58.79,"color":"fff200ff"},{"name":"bone13","parent":"bone11","x":226.99,"y":-2.93,"color":"fff200ff"},{"name":"bone14","parent":"bone11","x":155.98,"y":-56.21,"color":"fff200ff"},{"name":"bone15","parent":"root","length":100.99,"rotation":86.37,"x":-1.74,"y":-0.19,"color":"fff200ff"},{"name":"bone16","parent":"bone15","length":93.53,"rotation":14.23,"x":100.99,"color":"fff200ff"},{"name":"bone17","parent":"root","length":60.08,"rotation":86.72,"x":0.26,"y":2.01,"color":"fff200ff"},{"name":"bone18","parent":"bone17","length":85.33,"rotation":28.52,"x":62.1,"y":-0.87,"color":"fff200ff"},{"name":"bone19","parent":"bone18","x":128.67,"y":8.92,"color":"fff200ff"},{"name":"bone20","parent":"bone18","x":138.1,"y":-56.4,"color":"fff200ff"},{"name":"bone21","parent":"bone18","x":57.67,"y":-49.47,"color":"fff200ff"},{"name":"bone22","parent":"root","length":100.79,"rotation":89.72,"x":0.25,"y":2.17,"color":"fff200ff"},{"name":"bone23","parent":"bone22","x":116.14,"y":77.75,"color":"fff200ff"},{"name":"bone24","parent":"bone22","x":208.38,"y":15.27,"color":"fff200ff"},{"name":"bone25","parent":"bone22","x":134.97,"y":-53.91,"color":"fff200ff"},{"name":"bone26","parent":"root","x":-1.86,"y":5.25,"color":"f331ffff"},{"name":"bone27","parent":"bone26","length":91.75,"rotation":123.19,"x":-2.91,"y":14.11,"color":"f331ffff"},{"name":"bone28","parent":"bone26","length":88.73,"rotation":62.72,"x":3.74,"y":12.45,"color":"f331ffff"},{"name":"bone29","parent":"root","length":152.08,"rotation":88.3,"x":-3.16,"y":2.35,"color":"f331ffff"},{"name":"bone30","parent":"bone29","length":167.52,"rotation":0.38,"x":152.06,"y":0.64,"color":"f331ffff"}],"slots":[{"name":"bushes","bone":"root","attachment":"bushes"},{"name":"bushes3","bone":"root","attachment":"bushes"},{"name":"bushes2","bone":"root","attachment":"bushes"},{"name":"ChatGPT_Image_Apr_30__2025__04_37_27_PM-removebg-preview","bone":"root","attachment":"ChatGPT_Image_Apr_30__2025__04_37_27_PM-removebg-preview"},{"name":"ChatGPT_Image_Apr_30__2025__04_37_27_PM-removebg-preview3","bone":"root","attachment":"ChatGPT_Image_Apr_30__2025__04_37_27_PM-removebg-preview"},{"name":"flowers","bone":"root","attachment":"flowers"},{"name":"flowers4","bone":"root","attachment":"flowers"},{"name":"flowers2","bone":"root","attachment":"flowers"},{"name":"flowers3","bone":"root","attachment":"flowers"},{"name":"mushrooms","bone":"root","attachment":"mushrooms"},{"name":"mushrooms2","bone":"root","attachment":"mushrooms"},{"name":"mushrooms3","bone":"root","attachment":"mushrooms"},{"name":"Trees 2","bone":"root","attachment":"Trees 2"},{"name":"Trees 3","bone":"root","attachment":"Trees 2"},{"name":"Trees 4","bone":"root","attachment":"Trees 2"},{"name":"Trees 5","bone":"root","attachment":"Trees 2"}],"skins":[{"name":"default","attachments":{"bushes":{"bushes":{"type":"mesh","uvs":[0,0.61979,1,0.60967,1,1,0,1],"triangles":[2,3,0,2,0,1],"vertices":[1,2,107.96,172.56,1,1,2,123.8,-157.09,1,1,1,164.5,-37.53,1,1,1,-165.5,-37.53,1],"hull":4,"edges":[0,2,2,4,4,6,0,6],"width":330,"height":461}},"bushes2":{"bushes":{"type":"mesh","uvs":[0,0.61422,1,0.61961,1,0.2624,0,0.25701],"triangles":[0,2,1,0,3,2],"vertices":[1,3,-168.3,-52.96,1,1,3,161.7,-55.44,1,1,4,87.96,-159.01,1,1,4,86.51,171,1],"hull":4,"edges":[0,2,2,4,4,6,0,6],"width":330,"height":461}},"bushes3":{"bushes":{"type":"mesh","uvs":[0,0.27325,1,0.26966,1,0,0,0],"triangles":[0,3,1,3,2,1],"vertices":[1,5,-167.84,-38.07,1,1,5,162.16,-36.41,1,1,6,65.71,-157.96,1,1,6,56.8,171.92,1],"hull":4,"edges":[0,2,2,4,4,6,0,6],"width":330,"height":461}},"ChatGPT_Image_Apr_30__2025__04_37_27_PM-removebg-preview":{"ChatGPT_Image_Apr_30__2025__04_37_27_PM-removebg-preview":{"type":"mesh","uvs":[0.12898,0.48176,0.2522,0.48019,0.44139,0.47779,0.52649,0.4767,0.56492,0.57361,0.63524,0.75095,0.45731,0.8862,0.00126,0.87988,0.20729,0.76269,0.44403,0.78475,0.33542,0.69141],"triangles":[10,1,2,2,4,10,4,2,3,8,1,10,9,10,4,9,4,5,7,0,8,8,9,6,7,8,6,8,10,9,6,9,5,8,0,1],"vertices":[1,26,-102.37,130.47,1,2,27,118.75,-32.44,0.88137,28,85.18,94,0.11863,2,27,67.98,-112.26,0.02657,28,129.62,10.48,0.97343,2,26,96.38,133,6.2E-4,28,149.6,-27.08,0.99938,1,26,115.6,84.54,1,1,26,150.76,-4.13,1,1,26,61.8,-71.75,1,1,26,-166.23,-68.59,1,1,26,-63.22,-9.99,1,1,26,55.16,-21.03,1,2,27,7.6,-9.45,0.46474,28,10.4,8.61,0.53526],"hull":8,"edges":[10,12,12,14,0,14,0,16,16,18,6,8,8,10,18,8,0,2,2,20,2,4,4,6,20,4],"width":500,"height":500}},"ChatGPT_Image_Apr_30__2025__04_37_27_PM-removebg-preview3":{"ChatGPT_Image_Apr_30__2025__04_37_27_PM-removebg-preview":{"type":"mesh","uvs":[0.61607,0.73782,0.88882,0.73782,0.97716,0.31069,0.85335,1.0E-5,0.58959,0,0.49085,0.32355],"triangles":[1,0,2,0,5,2,3,5,4,5,3,2],"vertices":[1,29,-14.88,62.28,1,1,29,-10.84,-74.03,1,2,29,203.95,-111.85,0.14904,30,51.14,-112.83,0.85096,1,30,205.01,-47.36,1,1,30,201.97,84.49,1,2,29,190.31,131.01,0.32991,30,39.1,130.11,0.67009],"hull":6,"edges":[0,2,2,4,4,6,8,10,0,10,6,8],"width":500,"height":500}},"flowers":{"flowers":{"type":"mesh","uvs":[1,0.50663,0.60023,0.51403,0.59283,0.99999,1,1],"triangles":[1,0,3,2,1,3],"vertices":[1,10,396.22,-264.78,1,1,10,373.02,351.33,1,1,9,-36.99,351.78,1,1,9,-34.29,-276.06,1],"hull":4,"edges":[0,2,2,4,4,6,0,6],"width":1542,"height":1541}},"flowers2":{"flowers":{"type":"mesh","uvs":[0,0.53062,0.43314,0.52322,0.48676,0,0,0],"triangles":[1,3,2,0,3,1],"vertices":[1,9,-75.99,267.93,1,2,9,-61.7,-399.92,0.99143,10,-389.49,-403.59,0.00857,1,10,418.23,-470.82,1,1,10,403.85,279.63,1],"hull":4,"edges":[0,2,2,4,4,6,0,6],"width":1542,"height":1541}},"flowers3":{"flowers":{"type":"mesh","uvs":[0.46951,0,0.45287,0.52776,1,0.52406,1,0],"triangles":[0,3,2,1,0,2],"vertices":[1,10,421.48,474.33,1,1,9,-51.19,488.02,1,1,9,-41.84,-355.62,1,1,10,437.14,-343.54,1],"hull":4,"edges":[0,2,2,4,4,6,0,6],"width":1542,"height":1541}},"flowers4":{"flowers":{"type":"mesh","uvs":[0,0.52776,0.46766,0.52406,0.45102,1,0,1],"triangles":[1,2,0,2,3,0],"vertices":[2,9,727.98,378.08,0.01143,10,388.56,386.03,0.98857,1,10,408.08,-334.86,1,1,9,3.28,-320.54,1,1,9,0.27,374.93,1],"hull":4,"edges":[0,2,2,4,4,6,0,6],"width":1542,"height":1541}},"mushrooms":{"mushrooms":{"type":"mesh","uvs":[0.56984,0,0.57202,1,1,1,1,0],"triangles":[1,0,3,1,3,2],"vertices":[1,8,160.29,189.84,1,1,7,-16.99,184.64,1,1,7,-12.77,-29.3,1,1,8,161.49,-25.24,1],"hull":4,"edges":[0,2,2,4,4,6,0,6],"width":500,"height":298}},"mushrooms2":{"mushrooms":{"type":"mesh","uvs":[0.23399,0,0.20564,1,0.58075,1,0.58511,0],"triangles":[1,0,2,2,0,3],"vertices":[2,7,279.8,27.85,1.0E-5,8,156.84,26.11,0.99999,1,7,-18.42,36.15,1,2,7,-14.72,-151.37,0.99353,8,-140.18,-148.94,0.00647,2,7,283.27,-147.67,0.01371,8,157.83,-149.45,0.98629],"hull":4,"edges":[0,2,2,4,4,6,0,6],"width":500,"height":298}},"mushrooms3":{"mushrooms":{"type":"mesh","uvs":[0.21872,0,0.20782,1,0,1,0,0],"triangles":[0,1,3,1,2,3],"vertices":[1,8,156.38,-85.17,1,1,7,-17.14,-83.85,1,1,7,-19.19,20.03,1,1,8,155.76,24.19,1],"hull":4,"edges":[0,2,2,4,4,6,0,6],"width":500,"height":298}},"Trees 2":{"Trees 2":{"type":"mesh","uvs":[0,0.42164,0,0.72138,0,1,0.3168,1,0.32048,0.73881,0.32434,0.46473,0.32821,0.19065,0.1641,0.18964,0,0.18863,0.09931,0.47753,0.17795,0.34248,0.24317,0.5288],"triangles":[4,11,5,11,10,5,9,10,11,7,10,9,5,10,6,10,7,6,1,0,9,7,9,8,8,9,0,3,2,4,2,1,4,1,9,11,4,1,11],"vertices":[3,11,195.07,137.09,6.6E-4,12,31.29,78.3,0.8364,13,-31.92,140.02,0.16293,1,11,72.89,131.78,1,2,11,-40.68,126.84,0.99143,12,-204.45,68.05,0.00857,1,11,-29.7,-125.72,1,1,11,76.89,-124.03,1,3,11,188.74,-122.26,1.0E-5,13,-38.24,-119.33,0.21152,14,32.77,-66.05,0.78847,2,13,73.61,-117.55,0.63733,14,144.62,-64.27,0.36267,3,12,131.55,-48.42,0.09795,13,68.34,13.3,0.88213,14,139.34,66.58,0.01992,2,12,126.27,82.43,0.59327,13,63.06,144.15,0.40673,3,12,11.95,-1.87,0.908,13,-51.26,59.85,0.09121,14,19.75,113.13,7.9E-4,2,13,6.52,-0.45,0.9932,14,77.53,52.83,0.0068,2,13,-67.17,-55.75,0.01446,14,3.84,-2.47,0.98554],"hull":9,"edges":[4,6,4,2,6,8,2,8,12,14,14,16,2,0,0,16,8,10,10,12],"width":798,"height":408}},"Trees 3":{"Trees 2":{"type":"mesh","uvs":[0.50254,1,0.49707,0.59439,0.49472,0.42037,0.49238,0.24635,0.60726,0.24934,0.72215,0.25232,0.7203,0.4794,0.71751,0.82083,0.71605,1,0.65375,0.56605,0.54478,0.46768,0.61184,0.37676],"triangles":[7,9,6,9,11,6,11,4,5,11,3,4,6,11,5,1,10,9,11,2,3,10,2,11,10,11,9,1,2,10,8,0,7,0,1,7,7,1,9],"vertices":[1,17,-46.72,91.77,1,3,17,118.25,105.61,0.00286,18,100.18,66.75,0.56792,19,-28.49,57.83,0.42923,4,17,189.02,111.55,4.3E-4,18,165.2,38.17,0.01175,19,36.53,29.25,0.87996,20,27.1,94.57,0.10786,2,19,101.55,0.67,0.64264,20,92.12,65.99,0.35736,3,19,61.36,-81.74,0.13646,20,51.93,-16.42,0.86313,21,132.36,-23.35,4.2E-4,2,20,11.74,-98.83,0.85786,21,92.18,-105.76,0.14214,3,18,66.67,-114.39,0.00603,20,-71.43,-57.99,0.86774,21,9,-64.92,0.12623,1,17,36.09,-75.3,1,1,17,-36.96,-78.33,1,2,20,-80.77,5.12,0.00245,21,-0.34,-1.81,0.99755,3,17,172.04,70.57,6.0E-5,19,2.04,1.35,0.99966,20,-7.39,66.67,2.8E-4,2,19,12.78,-62.87,0.02808,20,3.35,2.45,0.97192],"hull":9,"edges":[0,16,14,16,0,2,14,2,6,8,8,10,2,4,4,6,10,12,12,14],"width":798,"height":408}},"Trees 4":{"Trees 2":{"type":"mesh","uvs":[0.70997,1,0.71088,0.7621,0.71195,0.48321,0.71302,0.20432,0.85651,0.20532,1,0.20631,1,0.48342,1,0.76053,1,1,0.781,0.61745,0.8572,0.37451,0.92578,0.59807],"triangles":[11,6,7,11,10,6,9,10,11,10,3,4,3,10,2,10,5,6,10,4,5,1,2,9,9,2,10,7,1,9,0,1,8,1,7,8,7,9,11],"vertices":[1,22,-39,124.42,1,1,22,58.06,124.16,1,2,23,55.71,46.11,0.63699,24,-36.53,108.59,0.36301,2,23,169.5,45.81,0.18329,24,77.26,108.29,0.81671,3,23,169.65,-68.69,0.01163,24,77.41,-6.21,0.91413,25,150.82,62.97,0.07424,2,24,77.56,-120.72,0.60439,25,150.97,-51.53,0.39561,2,24,-35.5,-121.27,0.20333,25,37.91,-52.08,0.79667,1,22,59.83,-106.55,1,1,22,-37.88,-107.03,1,2,23,1.21,-9.26,0.97927,24,-91.03,53.22,0.02073,2,24,8.39,-7.1,0.96444,25,81.79,62.09,0.03556,2,22,125.82,-47,0.02286,25,-9.15,6.91,0.97714],"hull":9,"edges":[0,16,0,2,14,16,2,14,6,8,8,10,2,4,4,6,10,12,12,14],"width":798,"height":408}},"Trees 5":{"Trees 2":{"type":"mesh","uvs":[0.32623,1,0.33363,0.32672,0.48035,0.32833,0.48539,0.9986],"triangles":[3,1,2,3,0,1],"vertices":[1,15,-47.92,61.82,1,1,16,139.78,40.18,1,1,16,117.59,-74.79,1,1,15,-39.31,-64.9,1],"hull":4,"edges":[0,2,2,4,4,6,0,6],"width":798,"height":408}}}}],"animations":{"Bush1":{"slots":{"bushes2":{"rgba":[{"color":"ffffff00"}]},"bushes3":{"rgba":[{"color":"ffffff00"}]},"ChatGPT_Image_Apr_30__2025__04_37_27_PM-removebg-preview":{"rgba":[{"color":"ffffff00"}]},"ChatGPT_Image_Apr_30__2025__04_37_27_PM-removebg-preview3":{"rgba":[{"color":"ffffff00"}]},"flowers":{"rgba":[{"color":"ffffff00"}]},"flowers2":{"rgba":[{"color":"ffffff00"}]},"flowers3":{"rgba":[{"color":"ffffff00"}]},"flowers4":{"rgba":[{"color":"ffffff00"}]},"mushrooms":{"rgba":[{"color":"ffffff00"}]},"mushrooms2":{"rgba":[{"color":"ffffff00"}]},"mushrooms3":{"rgba":[{"color":"ffffff00"}]},"Trees 2":{"rgba":[{"color":"ffffff00"}]},"Trees 3":{"rgba":[{"color":"ffffff00"}]},"Trees 4":{"rgba":[{"color":"ffffff00"}]},"Trees 5":{"rgba":[{"color":"ffffff00"}]}},"bones":{"bone4":{"translate":[{"x":374.86,"y":-159.71}]},"bone5":{"translate":[{"x":-4.14,"y":-155.57}]},"bone6":{"translate":[{"x":-355.83,"y":-145.64}]},"bone":{"rotate":[{"value":1.61,"curve":[0.113,2.58,0.223,3.35]},{"time":0.3333,"value":3.35,"curve":[0.667,3.35,1,-3.31]},{"time":1.3333,"value":-3.31,"curve":[1.557,-3.31,1.78,-0.36]},{"time":2,"value":1.61}],"translate":[{"x":-12.39,"curve":[0.333,-12.39,0.667,13.04,0.333,0,0.667,0]},{"time":1,"x":13.04,"curve":[1.333,13.04,1.667,-12.39,1.333,0,1.667,0]},{"time":2,"x":-12.39}]}}},"Bush2":{"slots":{"bushes":{"rgba":[{"color":"ffffff00"}]},"bushes3":{"rgba":[{"color":"ffffff00"}]},"ChatGPT_Image_Apr_30__2025__04_37_27_PM-removebg-preview":{"rgba":[{"color":"ffffff00"}]},"ChatGPT_Image_Apr_30__2025__04_37_27_PM-removebg-preview3":{"rgba":[{"color":"ffffff00"}]},"flowers":{"rgba":[{"color":"ffffff00"}]},"flowers2":{"rgba":[{"color":"ffffff00"}]},"flowers3":{"rgba":[{"color":"ffffff00"}]},"flowers4":{"rgba":[{"color":"ffffff00"}]},"mushrooms":{"rgba":[{"color":"ffffff00"}]},"mushrooms2":{"rgba":[{"color":"ffffff00"}]},"mushrooms3":{"rgba":[{"color":"ffffff00"}]},"Trees 2":{"rgba":[{"color":"ffffff00"}]},"Trees 3":{"rgba":[{"color":"ffffff00"}]},"Trees 4":{"rgba":[{"color":"ffffff00"}]},"Trees 5":{"rgba":[{"color":"ffffff00"}]}},"bones":{"bone4":{"translate":[{"x":374.86,"y":-159.71}]},"bone5":{"translate":[{"x":-4.14,"y":-155.57}]},"bone6":{"translate":[{"x":-355.83,"y":-145.64}]},"bone":{"rotate":[{"value":1.61,"curve":[0.113,2.58,0.223,3.35]},{"time":0.3333,"value":3.35,"curve":[0.667,3.35,1,-3.31]},{"time":1.3333,"value":-3.31,"curve":[1.557,-3.31,1.78,-0.36]},{"time":2,"value":1.61}],"translate":[{"x":-12.39,"curve":[0.333,-12.39,0.667,13.04,0.333,0,0.667,0]},{"time":1,"x":13.04,"curve":[1.333,13.04,1.667,-12.39,1.333,0,1.667,0]},{"time":2,"x":-12.39}]},"bone2":{"rotate":[{"value":1.61,"curve":[0.113,2.58,0.223,3.35]},{"time":0.3333,"value":3.35,"curve":[0.667,3.35,1,-3.31]},{"time":1.3333,"value":-3.31,"curve":[1.557,-3.31,1.78,-0.36]},{"time":2,"value":1.61}],"translate":[{"x":-12.39,"curve":[0.333,-12.39,0.667,13.04,0.333,0,0.667,0]},{"time":1,"x":13.04,"curve":[1.333,13.04,1.667,-12.39,1.333,0,1.667,0]},{"time":2,"x":-12.39}]}}},"Bush3":{"slots":{"bushes":{"rgba":[{"color":"ffffff00"}]},"bushes2":{"rgba":[{"color":"ffffff00"}]},"ChatGPT_Image_Apr_30__2025__04_37_27_PM-removebg-preview":{"rgba":[{"color":"ffffff00"}]},"ChatGPT_Image_Apr_30__2025__04_37_27_PM-removebg-preview3":{"rgba":[{"color":"ffffff00"}]},"flowers":{"rgba":[{"color":"ffffff00"}]},"flowers2":{"rgba":[{"color":"ffffff00"}]},"flowers3":{"rgba":[{"color":"ffffff00"}]},"flowers4":{"rgba":[{"color":"ffffff00"}]},"mushrooms":{"rgba":[{"color":"ffffff00"}]},"mushrooms2":{"rgba":[{"color":"ffffff00"}]},"mushrooms3":{"rgba":[{"color":"ffffff00"}]},"Trees 2":{"rgba":[{"color":"ffffff00"}]},"Trees 3":{"rgba":[{"color":"ffffff00"}]},"Trees 4":{"rgba":[{"color":"ffffff00"}]},"Trees 5":{"rgba":[{"color":"ffffff00"}]}},"bones":{"bone4":{"translate":[{"x":374.86,"y":-159.71}]},"bone5":{"translate":[{"x":-4.14,"y":-155.57}]},"bone6":{"translate":[{"x":-355.83,"y":-145.64}]},"bone":{"rotate":[{"value":1.61,"curve":[0.113,2.58,0.223,3.35]},{"time":0.3333,"value":3.35,"curve":[0.667,3.35,1,-3.31]},{"time":1.3333,"value":-3.31,"curve":[1.557,-3.31,1.78,-0.36]},{"time":2,"value":1.61}],"translate":[{"x":-12.39,"curve":[0.333,-12.39,0.667,13.04,0.333,0,0.667,0]},{"time":1,"x":13.04,"curve":[1.333,13.04,1.667,-12.39,1.333,0,1.667,0]},{"time":2,"x":-12.39}]},"bone2":{"rotate":[{"value":1.61,"curve":[0.113,2.58,0.223,3.35]},{"time":0.3333,"value":3.35,"curve":[0.667,3.35,1,-3.31]},{"time":1.3333,"value":-3.31,"curve":[1.557,-3.31,1.78,-0.36]},{"time":2,"value":1.61}],"translate":[{"x":-12.39,"curve":[0.333,-12.39,0.667,13.04,0.333,0,0.667,0]},{"time":1,"x":13.04,"curve":[1.333,13.04,1.667,-12.39,1.333,0,1.667,0]},{"time":2,"x":-12.39}]},"bone3":{"rotate":[{"value":1.61,"curve":[0.113,2.58,0.223,3.35]},{"time":0.3333,"value":3.35,"curve":[0.667,3.35,1,-3.31]},{"time":1.3333,"value":-3.31,"curve":[1.557,-3.31,1.78,-0.36]},{"time":2,"value":1.61}],"translate":[{"x":-12.39,"curve":[0.333,-12.39,0.667,13.04,0.333,0,0.667,0]},{"time":1,"x":13.04,"curve":[1.333,13.04,1.667,-12.39,1.333,0,1.667,0]},{"time":2,"x":-12.39}]}}},"Flower1":{"slots":{"bushes":{"rgba":[{"color":"ffffff00"}]},"bushes2":{"rgba":[{"color":"ffffff00"}]},"bushes3":{"rgba":[{"color":"ffffff00"}]},"ChatGPT_Image_Apr_30__2025__04_37_27_PM-removebg-preview":{"rgba":[{"color":"ffffff00"}]},"ChatGPT_Image_Apr_30__2025__04_37_27_PM-removebg-preview3":{"rgba":[{"color":"ffffff00"}]},"flowers2":{"rgba":[{"color":"ffffff00"}]},"flowers3":{"rgba":[{"color":"ffffff00"}]},"flowers4":{"rgba":[{"color":"ffffff00"}]},"mushrooms":{"rgba":[{"color":"ffffff00"}]},"mushrooms2":{"rgba":[{"color":"ffffff00"}]},"mushrooms3":{"rgba":[{"color":"ffffff00"}]},"Trees 2":{"rgba":[{"color":"ffffff00"}]},"Trees 3":{"rgba":[{"color":"ffffff00"}]},"Trees 4":{"rgba":[{"color":"ffffff00"}]},"Trees 5":{"rgba":[{"color":"ffffff00"}]}},"bones":{"bone9":{"rotate":[{"value":2.27,"curve":[0.333,2.27,0.667,-4]},{"time":1,"value":-4,"curve":[1.333,-4,1.667,2.27]},{"time":2,"value":2.27}]},"bone10":{"rotate":[{"value":-3.76,"curve":[0.169,-2.27,0.334,-0.76]},{"time":0.5,"value":-0.76,"curve":[0.833,-0.76,1.167,-6.77]},{"time":1.5,"value":-6.77,"curve":[1.668,-6.77,1.836,-5.28]},{"time":2,"value":-3.76}],"translate":[{"y":6.4,"curve":[0.333,0,0.667,0,0.333,6.4,0.667,-4.43]},{"time":1,"y":-4.43,"curve":[1.333,0,1.667,0,1.333,-4.43,1.667,6.4]},{"time":2,"y":6.4}]}}},"Flower2":{"slots":{"bushes":{"rgba":[{"color":"ffffff00"}]},"bushes2":{"rgba":[{"color":"ffffff00"}]},"bushes3":{"rgba":[{"color":"ffffff00"}]},"ChatGPT_Image_Apr_30__2025__04_37_27_PM-removebg-preview":{"rgba":[{"color":"ffffff00"}]},"ChatGPT_Image_Apr_30__2025__04_37_27_PM-removebg-preview3":{"rgba":[{"color":"ffffff00"}]},"flowers":{"rgba":[{"color":"ffffff00"}]},"flowers3":{"rgba":[{"color":"ffffff00"}]},"flowers4":{"rgba":[{"color":"ffffff00"}]},"mushrooms":{"rgba":[{"color":"ffffff00"}]},"mushrooms2":{"rgba":[{"color":"ffffff00"}]},"mushrooms3":{"rgba":[{"color":"ffffff00"}]},"Trees 2":{"rgba":[{"color":"ffffff00"}]},"Trees 3":{"rgba":[{"color":"ffffff00"}]},"Trees 4":{"rgba":[{"color":"ffffff00"}]},"Trees 5":{"rgba":[{"color":"ffffff00"}]}},"bones":{"bone9":{"rotate":[{"value":2.27,"curve":[0.333,2.27,0.667,-4]},{"time":1,"value":-4,"curve":[1.333,-4,1.667,2.27]},{"time":2,"value":2.27}]},"bone10":{"rotate":[{"value":-3.76,"curve":[0.169,-2.27,0.334,-0.76]},{"time":0.5,"value":-0.76,"curve":[0.833,-0.76,1.167,-6.77]},{"time":1.5,"value":-6.77,"curve":[1.668,-6.77,1.836,-5.28]},{"time":2,"value":-3.76}],"translate":[{"y":6.4,"curve":[0.333,0,0.667,0,0.333,6.4,0.667,-4.43]},{"time":1,"y":-4.43,"curve":[1.333,0,1.667,0,1.333,-4.43,1.667,6.4]},{"time":2,"y":6.4}]}}},"Flower3":{"slots":{"bushes":{"rgba":[{"color":"ffffff00"}]},"bushes2":{"rgba":[{"color":"ffffff00"}]},"bushes3":{"rgba":[{"color":"ffffff00"}]},"ChatGPT_Image_Apr_30__2025__04_37_27_PM-removebg-preview":{"rgba":[{"color":"ffffff00"}]},"ChatGPT_Image_Apr_30__2025__04_37_27_PM-removebg-preview3":{"rgba":[{"color":"ffffff00"}]},"flowers":{"rgba":[{"color":"ffffff00"}]},"flowers2":{"rgba":[{"color":"ffffff00"}]},"flowers4":{"rgba":[{"color":"ffffff00"}]},"mushrooms":{"rgba":[{"color":"ffffff00"}]},"mushrooms2":{"rgba":[{"color":"ffffff00"}]},"mushrooms3":{"rgba":[{"color":"ffffff00"}]},"Trees 2":{"rgba":[{"color":"ffffff00"}]},"Trees 3":{"rgba":[{"color":"ffffff00"}]},"Trees 4":{"rgba":[{"color":"ffffff00"}]},"Trees 5":{"rgba":[{"color":"ffffff00"}]}},"bones":{"bone9":{"rotate":[{"value":2.27,"curve":[0.333,2.27,0.667,-4]},{"time":1,"value":-4,"curve":[1.333,-4,1.667,2.27]},{"time":2,"value":2.27}]},"bone10":{"rotate":[{"value":-3.76,"curve":[0.169,-2.27,0.334,-0.76]},{"time":0.5,"value":-0.76,"curve":[0.833,-0.76,1.167,-6.77]},{"time":1.5,"value":-6.77,"curve":[1.668,-6.77,1.836,-5.28]},{"time":2,"value":-3.76}],"translate":[{"y":6.4,"curve":[0.333,0,0.667,0,0.333,6.4,0.667,-4.43]},{"time":1,"y":-4.43,"curve":[1.333,0,1.667,0,1.333,-4.43,1.667,6.4]},{"time":2,"y":6.4}]}}},"Flower4":{"slots":{"bushes":{"rgba":[{"color":"ffffff00"}]},"bushes2":{"rgba":[{"color":"ffffff00"}]},"bushes3":{"rgba":[{"color":"ffffff00"}]},"ChatGPT_Image_Apr_30__2025__04_37_27_PM-removebg-preview":{"rgba":[{"color":"ffffff00"}]},"ChatGPT_Image_Apr_30__2025__04_37_27_PM-removebg-preview3":{"rgba":[{"color":"ffffff00"}]},"flowers":{"rgba":[{"color":"ffffff00"}]},"flowers2":{"rgba":[{"color":"ffffff00"}]},"flowers3":{"rgba":[{"color":"ffffff00"}]},"mushrooms":{"rgba":[{"color":"ffffff00"}]},"mushrooms2":{"rgba":[{"color":"ffffff00"}]},"mushrooms3":{"rgba":[{"color":"ffffff00"}]},"Trees 2":{"rgba":[{"color":"ffffff00"}]},"Trees 3":{"rgba":[{"color":"ffffff00"}]},"Trees 4":{"rgba":[{"color":"ffffff00"}]},"Trees 5":{"rgba":[{"color":"ffffff00"}]}},"bones":{"bone9":{"rotate":[{"value":2.27,"curve":[0.333,2.27,0.667,-4]},{"time":1,"value":-4,"curve":[1.333,-4,1.667,2.27]},{"time":2,"value":2.27}]},"bone10":{"rotate":[{"value":-3.76,"curve":[0.169,-2.27,0.334,-0.76]},{"time":0.5,"value":-0.76,"curve":[0.833,-0.76,1.167,-6.77]},{"time":1.5,"value":-6.77,"curve":[1.668,-6.77,1.836,-5.28]},{"time":2,"value":-3.76}],"translate":[{"y":6.4,"curve":[0.333,0,0.667,0,0.333,6.4,0.667,-4.43]},{"time":1,"y":-4.43,"curve":[1.333,0,1.667,0,1.333,-4.43,1.667,6.4]},{"time":2,"y":6.4}]}}},"Lotus":{"slots":{"bushes":{"rgba":[{"color":"ffffff00"}]},"bushes2":{"rgba":[{"color":"ffffff00"}]},"bushes3":{"rgba":[{"color":"ffffff00"}]},"ChatGPT_Image_Apr_30__2025__04_37_27_PM-removebg-preview3":{"rgba":[{"color":"ffffff00"}]},"flowers":{"rgba":[{"color":"ffffff00"}]},"flowers2":{"rgba":[{"color":"ffffff00"}]},"flowers3":{"rgba":[{"color":"ffffff00"}]},"flowers4":{"rgba":[{"color":"ffffff00"}]},"mushrooms":{"rgba":[{"color":"ffffff00"}]},"mushrooms2":{"rgba":[{"color":"ffffff00"}]},"mushrooms3":{"rgba":[{"color":"ffffff00"}]},"Trees 2":{"rgba":[{"color":"ffffff00"}]},"Trees 3":{"rgba":[{"color":"ffffff00"}]},"Trees 4":{"rgba":[{"color":"ffffff00"}]},"Trees 5":{"rgba":[{"color":"ffffff00"}]}},"bones":{"bone27":{"rotate":[{"curve":[0.333,0,0.667,9.04]},{"time":1,"value":9.04,"curve":[1.333,9.04,1.667,0]},{"time":2}]},"bone28":{"rotate":[{"value":-3.46,"curve":[0.158,-1.69,0.312,0]},{"time":0.4667,"curve":[0.8,0,1.133,-7.69]},{"time":1.4667,"value":-7.69,"curve":[1.646,-7.69,1.824,-5.52]},{"time":2,"value":-3.46}]}}},"Mushroom1":{"slots":{"bushes":{"rgba":[{"color":"ffffff00"}]},"bushes2":{"rgba":[{"color":"ffffff00"}]},"bushes3":{"rgba":[{"color":"ffffff00"}]},"ChatGPT_Image_Apr_30__2025__04_37_27_PM-removebg-preview":{"rgba":[{"color":"ffffff00"}]},"ChatGPT_Image_Apr_30__2025__04_37_27_PM-removebg-preview3":{"rgba":[{"color":"ffffff00"}]},"flowers":{"rgba":[{"color":"ffffff00"}]},"flowers2":{"rgba":[{"color":"ffffff00"}]},"flowers3":{"rgba":[{"color":"ffffff00"}]},"flowers4":{"rgba":[{"color":"ffffff00"}]},"mushrooms2":{"rgba":[{"color":"ffffff00"}]},"mushrooms3":{"rgba":[{"color":"ffffff00"}]},"Trees 2":{"rgba":[{"color":"ffffff00"}]},"Trees 3":{"rgba":[{"color":"ffffff00"}]},"Trees 4":{"rgba":[{"color":"ffffff00"}]},"Trees 5":{"rgba":[{"color":"ffffff00"}]}},"bones":{"bone7":{"rotate":[{"value":2.15,"curve":[0.333,2.15,0.667,-1.13]},{"time":1,"value":-1.13,"curve":[1.333,-1.13,1.667,2.15]},{"time":2,"value":2.15}]},"bone8":{"rotate":[{"value":-1.29,"curve":[0.191,0.9,0.379,3.45]},{"time":0.5667,"value":3.45,"curve":[0.9,3.45,1.233,-4.46]},{"time":1.5667,"value":-4.46,"curve":[1.712,-4.46,1.858,-2.99]},{"time":2,"value":-1.29}]}}},"Mushroom2":{"slots":{"bushes":{"rgba":[{"color":"ffffff00"}]},"bushes2":{"rgba":[{"color":"ffffff00"}]},"bushes3":{"rgba":[{"color":"ffffff00"}]},"ChatGPT_Image_Apr_30__2025__04_37_27_PM-removebg-preview":{"rgba":[{"color":"ffffff00"}]},"ChatGPT_Image_Apr_30__2025__04_37_27_PM-removebg-preview3":{"rgba":[{"color":"ffffff00"}]},"flowers":{"rgba":[{"color":"ffffff00"}]},"flowers2":{"rgba":[{"color":"ffffff00"}]},"flowers3":{"rgba":[{"color":"ffffff00"}]},"flowers4":{"rgba":[{"color":"ffffff00"}]},"mushrooms":{"rgba":[{"color":"ffffff00"}]},"mushrooms3":{"rgba":[{"color":"ffffff00"}]},"Trees 2":{"rgba":[{"color":"ffffff00"}]},"Trees 3":{"rgba":[{"color":"ffffff00"}]},"Trees 4":{"rgba":[{"color":"ffffff00"}]},"Trees 5":{"rgba":[{"color":"ffffff00"}]}},"bones":{"bone7":{"rotate":[{"value":2.15,"curve":[0.333,2.15,0.667,-1.13]},{"time":1,"value":-1.13,"curve":[1.333,-1.13,1.667,2.15]},{"time":2,"value":2.15}]},"bone8":{"rotate":[{"value":-1.29,"curve":[0.191,0.9,0.379,3.45]},{"time":0.5667,"value":3.45,"curve":[0.9,3.45,1.233,-4.46]},{"time":1.5667,"value":-4.46,"curve":[1.712,-4.46,1.858,-2.99]},{"time":2,"value":-1.29}]}}},"Mushroom3":{"slots":{"bushes":{"rgba":[{"color":"ffffff00"}]},"bushes2":{"rgba":[{"color":"ffffff00"}]},"bushes3":{"rgba":[{"color":"ffffff00"}]},"ChatGPT_Image_Apr_30__2025__04_37_27_PM-removebg-preview":{"rgba":[{"color":"ffffff00"}]},"ChatGPT_Image_Apr_30__2025__04_37_27_PM-removebg-preview3":{"rgba":[{"color":"ffffff00"}]},"flowers":{"rgba":[{"color":"ffffff00"}]},"flowers2":{"rgba":[{"color":"ffffff00"}]},"flowers3":{"rgba":[{"color":"ffffff00"}]},"flowers4":{"rgba":[{"color":"ffffff00"}]},"mushrooms":{"rgba":[{"color":"ffffff00"}]},"mushrooms2":{"rgba":[{"color":"ffffff00"}]},"Trees 2":{"rgba":[{"color":"ffffff00"}]},"Trees 3":{"rgba":[{"color":"ffffff00"}]},"Trees 4":{"rgba":[{"color":"ffffff00"}]},"Trees 5":{"rgba":[{"color":"ffffff00"}]}},"bones":{"bone7":{"rotate":[{"value":2.15,"curve":[0.333,2.15,0.667,-1.13]},{"time":1,"value":-1.13,"curve":[1.333,-1.13,1.667,2.15]},{"time":2,"value":2.15}]},"bone8":{"rotate":[{"value":-1.29,"curve":[0.191,0.9,0.379,3.45]},{"time":0.5667,"value":3.45,"curve":[0.9,3.45,1.233,-4.46]},{"time":1.5667,"value":-4.46,"curve":[1.712,-4.46,1.858,-2.99]},{"time":2,"value":-1.29}]}}},"SchaZagoogluu":{"slots":{"bushes":{"rgba":[{"color":"ffffff00"}]},"bushes2":{"rgba":[{"color":"ffffff00"}]},"bushes3":{"rgba":[{"color":"ffffff00"}]},"ChatGPT_Image_Apr_30__2025__04_37_27_PM-removebg-preview":{"rgba":[{"color":"ffffff00"}]},"flowers":{"rgba":[{"color":"ffffff00"}]},"flowers2":{"rgba":[{"color":"ffffff00"}]},"flowers3":{"rgba":[{"color":"ffffff00"}]},"flowers4":{"rgba":[{"color":"ffffff00"}]},"mushrooms":{"rgba":[{"color":"ffffff00"}]},"mushrooms2":{"rgba":[{"color":"ffffff00"}]},"mushrooms3":{"rgba":[{"color":"ffffff00"}]},"Trees 2":{"rgba":[{"color":"ffffff00"}]},"Trees 3":{"rgba":[{"color":"ffffff00"}]},"Trees 4":{"rgba":[{"color":"ffffff00"}]},"Trees 5":{"rgba":[{"color":"ffffff00"}]}},"bones":{"bone29":{"rotate":[{"value":-1.86,"curve":[0.667,-1.86,1.333,1.44]},{"time":2,"value":1.44,"curve":[2.667,1.44,3.333,-1.86]},{"time":4,"value":-1.86}]},"bone30":{"rotate":[{"value":-0.21,"curve":[0.338,-1.03,0.669,-1.86]},{"time":1,"value":-1.86,"curve":[1.667,-1.86,2.333,1.44]},{"time":3,"value":1.44,"curve":[3.336,1.44,3.671,0.62]},{"time":4,"value":-0.21}]}}},"Tree1":{"slots":{"bushes":{"rgba":[{"color":"ffffff00"}]},"bushes2":{"rgba":[{"color":"ffffff00"}]},"bushes3":{"rgba":[{"color":"ffffff00"}]},"ChatGPT_Image_Apr_30__2025__04_37_27_PM-removebg-preview":{"rgba":[{"color":"ffffff00"}]},"ChatGPT_Image_Apr_30__2025__04_37_27_PM-removebg-preview3":{"rgba":[{"color":"ffffff00"}]},"flowers":{"rgba":[{"color":"ffffff00"}]},"flowers2":{"rgba":[{"color":"ffffff00"}]},"flowers3":{"rgba":[{"color":"ffffff00"}]},"flowers4":{"rgba":[{"color":"ffffff00"}]},"mushrooms":{"rgba":[{"color":"ffffff00"}]},"mushrooms2":{"rgba":[{"color":"ffffff00"}]},"mushrooms3":{"rgba":[{"color":"ffffff00"}]},"Trees 3":{"rgba":[{"color":"ffffff00"}]},"Trees 4":{"rgba":[{"color":"ffffff00"}]},"Trees 5":{"rgba":[{"color":"ffffff00"}]}},"bones":{"bone12":{"rotate":[{"value":8.34,"curve":[0.667,8.34,1.333,-8]},{"time":2,"value":-8,"curve":[2.667,-8,3.333,8.34]},{"time":4,"value":8.34}],"translate":[{"y":4.08,"curve":[0.667,0,1.333,0,0.667,4.08,1.333,-4.56]},{"time":2,"y":-4.56,"curve":[2.667,0,3.333,0,2.667,-4.56,3.333,4.08]},{"time":4,"y":4.08}]},"bone13":{"rotate":[{"value":5.43,"curve":[0.182,7.09,0.358,8.34]},{"time":0.5333,"value":8.34,"curve":[1.2,8.34,1.867,-8]},{"time":2.5333,"value":-8,"curve":[3.024,-8,3.516,0.75]},{"time":4,"value":5.43}],"translate":[{"y":2.53,"curve":[0.182,0,0.358,0,0.182,3.41,0.358,4.08]},{"time":0.5333,"y":4.08,"curve":[1.2,0,1.867,0,1.2,4.08,1.867,-4.56]},{"time":2.5333,"y":-4.56,"curve":[3.024,0,3.516,0,3.024,-4.56,3.516,0.06]},{"time":4,"y":2.53}]},"bone14":{"rotate":[{"value":-0.63,"curve":[0.36,3.68,0.713,8.34]},{"time":1.0667,"value":8.34,"curve":[1.733,8.34,2.4,-8]},{"time":3.0667,"value":-8,"curve":[3.38,-8,3.693,-4.46]},{"time":4,"value":-0.63}],"translate":[{"y":-0.67,"curve":[0.36,0,0.713,0,0.36,1.61,0.713,4.08]},{"time":1.0667,"y":4.08,"curve":[1.733,0,2.4,0,1.733,4.08,2.4,-4.56]},{"time":3.0667,"y":-4.56,"curve":[3.38,0,3.693,0,3.38,-4.56,3.693,-2.69]},{"time":4,"y":-0.67}]}}},"Tree2":{"slots":{"bushes":{"rgba":[{"color":"ffffff00"}]},"bushes2":{"rgba":[{"color":"ffffff00"}]},"bushes3":{"rgba":[{"color":"ffffff00"}]},"ChatGPT_Image_Apr_30__2025__04_37_27_PM-removebg-preview":{"rgba":[{"color":"ffffff00"}]},"ChatGPT_Image_Apr_30__2025__04_37_27_PM-removebg-preview3":{"rgba":[{"color":"ffffff00"}]},"flowers":{"rgba":[{"color":"ffffff00"}]},"flowers2":{"rgba":[{"color":"ffffff00"}]},"flowers3":{"rgba":[{"color":"ffffff00"}]},"flowers4":{"rgba":[{"color":"ffffff00"}]},"mushrooms":{"rgba":[{"color":"ffffff00"}]},"mushrooms2":{"rgba":[{"color":"ffffff00"}]},"mushrooms3":{"rgba":[{"color":"ffffff00"}]},"Trees 2":{"rgba":[{"color":"ffffff00"}]},"Trees 4":{"rgba":[{"color":"ffffff00"}]},"Trees 5":{"rgba":[{"color":"ffffff00"}]}},"bones":{"bone18":{"rotate":[{"curve":[0.667,0,1.333,-2.25]},{"time":2,"value":-2.25,"curve":[2.667,-2.25,3.333,0]},{"time":4}]},"bone19":{"rotate":[{"value":-2.55,"curve":[0.227,-1.13,0.447,0]},{"time":0.6667,"curve":[1.333,0,2,-9.77]},{"time":2.6667,"value":-9.77,"curve":[3.113,-9.77,3.56,-5.45]},{"time":4,"value":-2.55}],"translate":[{"x":-0.51,"y":-1.2,"curve":[0.227,-0.23,0.447,0,0.227,-0.53,0.447,0]},{"time":0.6667,"curve":[1.333,0,2,-1.95,1.333,0,2,-4.6]},{"time":2.6667,"x":-1.95,"y":-4.6,"curve":[3.113,-1.95,3.56,-1.09,3.113,-4.6,3.56,-2.57]},{"time":4,"x":-0.51,"y":-1.2}]},"bone20":{"rotate":[{"value":-4.03,"curve":[0.338,-2.03,0.669,0]},{"time":1,"curve":[1.667,0,2.333,-8.06]},{"time":3,"value":-8.06,"curve":[3.336,-8.06,3.671,-6.06]},{"time":4,"value":-4.03}],"translate":[{"x":-0.98,"y":-2.3,"curve":[0.338,-0.49,0.669,0,0.338,-1.16,0.669,0]},{"time":1,"curve":[1.667,0,2.333,-1.95,1.667,0,2.333,-4.6]},{"time":3,"x":-1.95,"y":-4.6,"curve":[3.336,-1.95,3.671,-1.47,3.336,-4.6,3.671,-3.46]},{"time":4,"x":-0.98,"y":-2.3}]},"bone21":{"rotate":[{"value":-1.87,"curve":[0.116,-0.81,0.224,0]},{"time":0.3333,"curve":[1,0,1.667,-23.8]},{"time":2.3333,"value":-23.8,"curve":[2.891,-23.8,3.449,-7.31]},{"time":4,"value":-1.87}],"translate":[{"x":-0.15,"y":-0.36,"curve":[0.116,-0.07,0.224,0,0.116,-0.16,0.224,0]},{"time":0.3333,"curve":[1,0,1.667,-1.95,1,0,1.667,-4.6]},{"time":2.3333,"x":-1.95,"y":-4.6,"curve":[2.891,-1.95,3.449,-0.6,2.891,-4.6,3.449,-1.41]},{"time":4,"x":-0.15,"y":-0.36}]}}},"Tree3":{"slots":{"bushes":{"rgba":[{"color":"ffffff00"}]},"bushes2":{"rgba":[{"color":"ffffff00"}]},"bushes3":{"rgba":[{"color":"ffffff00"}]},"ChatGPT_Image_Apr_30__2025__04_37_27_PM-removebg-preview":{"rgba":[{"color":"ffffff00"}]},"ChatGPT_Image_Apr_30__2025__04_37_27_PM-removebg-preview3":{"rgba":[{"color":"ffffff00"}]},"flowers":{"rgba":[{"color":"ffffff00"}]},"flowers2":{"rgba":[{"color":"ffffff00"}]},"flowers3":{"rgba":[{"color":"ffffff00"}]},"flowers4":{"rgba":[{"color":"ffffff00"}]},"mushrooms":{"rgba":[{"color":"ffffff00"}]},"mushrooms2":{"rgba":[{"color":"ffffff00"}]},"mushrooms3":{"rgba":[{"color":"ffffff00"}]},"Trees 2":{"rgba":[{"color":"ffffff00"}]},"Trees 3":{"rgba":[{"color":"ffffff00"}]},"Trees 5":{"rgba":[{"color":"ffffff00"}]}},"bones":{"bone23":{"rotate":[{"curve":[0.667,0,1.333,-6.6]},{"time":2,"value":-6.6,"curve":[2.667,-6.6,3.333,0]},{"time":4}],"translate":[{"curve":[0.667,0,1.333,0,0.667,0,1.333,-4.84]},{"time":2,"y":-4.84,"curve":[2.667,0,3.333,0,2.667,-4.84,3.333,0]},{"time":4}]},"bone25":{"rotate":[{"value":-4.12,"curve":[0.393,-2.25,0.78,0]},{"time":1.1667,"curve":[1.833,0,2.5,-6.6]},{"time":3.1667,"value":-6.6,"curve":[3.447,-6.6,3.727,-5.47]},{"time":4,"value":-4.12}],"translate":[{"y":-3.02,"curve":[0.393,0,0.78,0,0.393,-1.65,0.78,0]},{"time":1.1667,"curve":[1.833,0,2.5,0,1.833,0,2.5,-4.84]},{"time":3.1667,"y":-4.84,"curve":[3.447,0,3.727,0,3.447,-4.84,3.727,-4.01]},{"time":4,"y":-3.02}]},"bone24":{"rotate":[{"value":-1.58,"curve":[0.216,-0.69,0.424,0]},{"time":0.6333,"curve":[1.3,0,1.967,-6.6]},{"time":2.6333,"value":-6.6,"curve":[3.091,-6.6,3.549,-3.53]},{"time":4,"value":-1.58}],"translate":[{"y":-1.16,"curve":[0.216,0,0.424,0,0.216,-0.5,0.424,0]},{"time":0.6333,"curve":[1.3,0,1.967,0,1.3,0,1.967,-4.84]},{"time":2.6333,"y":-4.84,"curve":[3.091,0,3.549,0,3.091,-4.84,3.549,-2.59]},{"time":4,"y":-1.16}]}}},"Tree4":{"slots":{"bushes":{"rgba":[{"color":"ffffff00"}]},"bushes2":{"rgba":[{"color":"ffffff00"}]},"bushes3":{"rgba":[{"color":"ffffff00"}]},"ChatGPT_Image_Apr_30__2025__04_37_27_PM-removebg-preview":{"rgba":[{"color":"ffffff00"}]},"ChatGPT_Image_Apr_30__2025__04_37_27_PM-removebg-preview3":{"rgba":[{"color":"ffffff00"}]},"flowers":{"rgba":[{"color":"ffffff00"}]},"flowers2":{"rgba":[{"color":"ffffff00"}]},"flowers3":{"rgba":[{"color":"ffffff00"}]},"flowers4":{"rgba":[{"color":"ffffff00"}]},"mushrooms":{"rgba":[{"color":"ffffff00"}]},"mushrooms2":{"rgba":[{"color":"ffffff00"}]},"mushrooms3":{"rgba":[{"color":"ffffff00"}]},"Trees 2":{"rgba":[{"color":"ffffff00"}]},"Trees 3":{"rgba":[{"color":"ffffff00"}]},"Trees 4":{"rgba":[{"color":"ffffff00"}]}},"bones":{"bone16":{"rotate":[{"curve":[0.667,0,1.333,-2.58]},{"time":2,"value":-2.58,"curve":[2.667,-2.58,3.333,0]},{"time":4}]}}}}}